{"cameraMode":{"drawMode":0,"name":"Shaded","section":"Shading Mode"},"sceneLighting":false,"audioPlay":false,"sceneViewState":{"m_AlwaysRefresh":false,"showFog":true,"showSkybox":true,"showFlares":true,"showImageEffects":true,"showParticleSystems":true,"showVisualEffectGraphs":true,"m_FxEnabled":true},"in2DMode":false,"pivot":{"x":1.3969902992248536,"y":2.7195816040039064,"z":-48.88856506347656},"rotation":{"x":0.1561092734336853,"y":-0.16481280326843263,"z":0.02642998844385147,"w":0.9735344648361206},"size":2.5753085613250734,"orthographic":false}